min_len;keep_offset;look_back;scaler;path;start_hour;start_min;market_symbols;start_offset;live;used_price;limit;fill_gaps;min_len_hype;scale_cols_daywise;min_len_hype_price
9.0;7.0;7;MinMaxScaler;4;22.0;0.0;[];30.0;False;;;;;;
7.0;7.0;7;MinMaxScaler;3;22.0;0.0;[];30.0;False;;;;;;
7.0;7.0;7;MinMaxScaler;3;22.0;0.0;[];30.0;False;close;;;;;
7.0;7.0;7;MinMaxScaler;5;22.0;0.0;[];30.0;False;close;;;;;
1.0;7.0;7;MinMaxScaler;17_02_2021;22.0;0.0;[];30.0;True;close;10.0;;;;
;;7;MinMaxScaler;10;;;;;False;close;;;;;
7.0;7.0;7;MinMaxScaler;11;22.0;0.0;[];30.0;False;close;;False;;;
7.0;7.0;7;MinMaxScaler;12;22.0;0.0;[];30.0;False;close;;True;;;
7.0;7.0;7;MinMaxScaler;13;22.0;0.0;[];30.0;False;close;;False;;;
;7.0;7;MinMaxScaler;14;22.0;0.0;[];30.0;False;close;;False;7.0;True;7.0
;7.0;7;MinMaxScaler;15;22.0;0.0;[];30.0;False;close;;False;9.0;True;7.0
;7.0;7;MinMaxScaler;13;22.0;0.0;[];30.0;False;close;;False;7.0;False;7.0
