Symbol,Name,Last Sale,Net Change,% Change,Market Cap,Country,IPO Year,Volume,Sector,Industry
AAMC,Altisource Asset Management Corp Com,$24.60,-0.3595,-1.44%,40595215.00,United States,,15183,Finance,Real Estate
AAU,Almaden Minerals Ltd. Common Shares,$0.846,0.0359,4.432%,101984125.00,Canada,2015,2272603,Basic Industries,Precious Metals
ACU,Acme United Corporation. Common Stock,$33.82,0.61,1.837%,112922038.00,United States,1988,7869,Capital Goods,Industrial Machinery/Components
ACY,AeroCentury Corp. Common Stock,$11.76,2.01,20.615%,18179596.00,United States,,739133,Technology,Diversified Commercial Services
AE,Adams Resources & Energy Inc. Common Stock,$28.31,0.11,0.39%,120099060.00,United States,,6217,Energy,Oil Refining/Marketing
AEF,Aberdeen Emerging Markets Equity Income Fund Inc. Common Stock,$9.10,0.09,0.999%,461841180.00,United States,,40775,,
AGE,AgeX Therapeutics Inc. Common Stock,$2.28,-0.07,-2.979%,85935587.00,,2018,132264,Health Care,Major Pharmaceuticals
AIM,AIM ImmunoTech Inc. Common Stock,$2.47,-0.02,-0.803%,98034330.00,United States,,1141338,Health Care,Biotechnology: Biological Products (No Diagnostic Substances)
AINC,Ashford Inc. (Holding Company) Common Stock,$8.70,-0.06,-0.685%,22219121.00,United States,2014,21490,Consumer Services,Professional Services
AIRI,Air Industries Group Common Stock,$2.00,-0.05,-2.439%,63459510.00,United States,,1287949,Capital Goods,Military/Government/Technical
AMBO,Ambow Education Holding Ltd. American Depository Shares each representing two Class A ordinary shares,$3.07,0.09,3.02%,71271082.00,China,,635432,Consumer Services,Other Consumer Services
AMPE,Ampio Pharmaceuticals Inc.,$1.96,0.04,2.083%,362707800.00,United States,,3883435,Health Care,Major Pharmaceuticals
AMS,American Shared Hospital Services Common Stock,$3.03,0.1502,5.216%,17455830.00,United States,,131242,Health Care,Medical Specialities
ANVS,Annovis Bio Inc. Common Stock,$28.82,1.52,5.568%,199034868.00,United States,2020,197549,Health Care,Major Pharmaceuticals
APT,Alpha Pro Tech Ltd. Common Stock,$15.50,-0.38,-2.393%,210456598.00,Canada,,698767,Health Care,Industrial Specialties
ARMP,Armata Pharmaceuticals Inc. Common Stock,$5.74,-0.46,-7.419%,117993581.00,United States,,30124,Health Care,Biotechnology: Biological Products (No Diagnostic Substances)
ASM,Avino Silver & Gold Mines Ltd. Common Shares (Canada),$1.37,0.04,3.008%,122709094.00,Canada,,2259585,Basic Industries,Precious Metals
ATNM,Actinium Pharmaceuticals Inc. (Delaware) Common Stock,$8.81,-0.01,-0.113%,119697285.00,United States,,307461,Health Care,Major Pharmaceuticals
AUMN,Golden Minerals Company Common Stock,$0.8251,-0.0049,-0.59%,125013089.00,United States,,2709914,Basic Industries,Precious Metals
AWX,Avalon Holdings Corporation Common Stock,$4.52,-0.28,-5.833%,17516948.00,United States,,587757,Public Utilities,Environmental Services
AXU,Alexco Resource Corp Common Shares (Canada),$2.79,0.00,0.00%,389941398.00,Canada,,1076202,Basic Industries,Precious Metals
BATL,Battalion Oil Corporation Common Stock,$11.16,-0.83,-6.922%,180836272.00,,,6350,Energy,Oil & Gas Production
BCV,Bancroft Fund Ltd.,$33.113,-0.247,-0.74%,176326427.00,United States,,32146,,
BCV^A,Bancroft Fund Limited 5.375% Series A Cumulative Preferred Shares,$25.785,-0.095,-0.367%,,United States,,435,,
BDL,Flanigan's Enterprises Inc. Common Stock,$24.8711,0.1711,0.693%,46226595.00,United States,,213,Consumer Services,Restaurants
BDR,Blonder Tongue Laboratories Inc. Common Stock,$1.81,0.00,0.00%,20983520.00,United States,,269947,Technology,Radio And Television Broadcasting And Communications Equipment
BGI,Birks Group Inc. Common Stock,$3.39,0.95,38.934%,60921287.00,Canada,,6199068,Consumer Services,Consumer Specialties
BHB,Bar Harbor Bankshares Inc. Common Stock,$25.24,0.24,0.96%,376796981.00,United States,,33376,Finance,Major Banks
BIOX,Bioceres Crop Solutions Corp. Ordinary Shares,$8.60,0.10,1.176%,346802112.00,,2018,37367,Basic Industries,Agricultural Chemicals
BKTI,BK Technologies Corporation Common Stock,$4.47,0.33,7.971%,55928488.00,United States,,107894,Technology,Radio And Television Broadcasting And Communications Equipment
BMTX,BM Technologies Inc. Common Stock,$13.33,-0.08,-0.597%,162630026.00,,2018,40892,Finance,Major Banks
BRBS,Blue Ridge Bankshares Inc. Common Stock,$20.02,0.32,1.624%,247173927.00,,,23578,Finance,Major Banks
BRG,Bluerock Residential Growth REIT Inc. Class A Common Stock,$11.24,0.17,1.536%,248376496.00,,2014,369752,Consumer Services,Real Estate Investment Trusts
BRG^A,Bluerock Residential Growth REIT Inc. 8.250% Series A Cumulative Redeemable Preferred Stock ($0.01 par value per share),$25.31,0.01,0.04%,,,,3361,,
BRG^C,Bluerock Residential Growth REIT Inc. 7.625% Series C Cumulative Redeemable Preferred Stock,$25.72,0.00,0.00%,,,,4234,,
BRG^D,Bluerock Residential Growth REIT Inc. 7.125% Series D Cumulative Preferred Stock ($0.01 par value per share),$25.98,0.25,0.972%,,,,1549,,
BRN,Barnwell Industries Inc. Common Stock,$4.21,0.01,0.238%,34846844.00,United States,,573655,Energy,Oil & Gas Production
BTG,B2Gold Corp Common shares (Canada),$4.76,-0.02,-0.418%,5000818767.00,Canada,,6828223,Basic Industries,Precious Metals
BTN,Ballantyne Strong Inc. Common Stock,$2.79,0.00,0.00%,50786850.00,United States,,212001,Miscellaneous,Industrial Machinery/Components
BWL/A,Bowl America Inc.,$10.17,-0.23,-2.212%,,United States,,2268,,
CANF,Can-Fite Biopharma Ltd Sponsored ADR (Israel),$2.35,-0.03,-1.261%,36222858.00,Israel,,405413,Health Care,Major Pharmaceuticals
CCF,Chase Corporation Common Stock,$110.36,4.30,4.054%,1042503711.00,United States,,20442,Consumer Durables,Building Products
CDOR,Condor Hospitality Trust Inc. Common Stock,$5.2275,-0.0425,-0.806%,62809014.00,United States,,9529,Consumer Services,Real Estate Investment Trusts
CEI,Camber Energy Inc. Common Stock,$1.99,-0.24,-10.762%,49750000.00,United States,,6588743,Energy,Oil & Gas Production
CET,Central Securities Corporation Common Stock,$36.48,0.1901,0.524%,957249901.00,United States,,7080,,
CEV,Eaton Vance California Municipal Income Trust Shares of Beneficial Interest,$13.41,-0.04,-0.297%,95661241.00,United States,1999,25718,,
CHAQ,Chardan Healthcare Acquisition 2 Corp. Common Stock,$10.84,0.00,0.00%,116836826.00,,2020,67143,Finance,Business Services
CHFW,Consonance-HFW Acquisition Corp. Class A Ordinary Shares,$10.61,0.08,0.76%,126619740.00,,2021,28340,,
CIK,Credit Suisse Asset Management Income Fund Inc. Common Stock,$3.25,-0.03,-0.915%,169991019.00,United States,,1916190,,
CIX,CompX International Inc. Common Stock,$14.38,0.15,1.054%,179047638.00,United States,1998,1953,Capital Goods,Industrial Machinery/Components
CKX,CKX Lands Inc. Common Stock,$11.7473,0.7573,6.891%,22819072.00,United States,,1541,Energy,Oil & Gas Production
CLM,Cornerstone Strategic Value Fund Inc. New Common Stock,$13.13,0.01,0.076%,999469032.00,United States,1987,574880,,
CMCL,Caledonia Mining Corporation Plc Common Shares,$15.87,0.32,2.058%,192325721.00,Canada,,67389,Basic Industries,Precious Metals
CMT,Core Molding Technologies Inc Common Stock,$12.55,-0.0733,-0.581%,100047006.00,United States,,20894,Consumer Non-Durables,Plastic Products
COHN,Cohen & Company Inc.,$18.00,-0.70,-3.743%,24017706.00,United States,,10382,Finance,Investment Bankers/Brokers/Service
CPHI,China Pharma Holdings Inc. Common Stock,$1.11,-0.03,-2.632%,50593308.00,China,,1393931,Health Care,Major Pharmaceuticals
CQP,Cheniere Energy Partners LP Cheniere Energy Partners LP Common Units,$40.85,0.62,1.541%,19772201600.00,United States,2007,83955,Public Utilities,Oil/Gas Transmission
CRF,Cornerstone Total Return Fund Inc. (The) Common Stock,$12.90,0.15,1.176%,519048786.00,United States,,270047,,
CRHM,CRH Medical Corporation Common Shares of Beneficial Interest,$3.91,0.05,1.295%,279225158.00,,2015,655735,Health Care,Medical/Nursing Services
CTEK,CynergisTek Inc. Common Stock,$2.78,0.06,2.206%,29612696.00,United States,2017,141558,Miscellaneous,Business Services
CVM,Cel-Sci Corporation Common Stock,$19.84,0.47,2.426%,804100876.00,United States,,921288,Health Care,Biotechnology: Biological Products (No Diagnostic Substances)
CVR,Chicago Rivet & Machine Co. Common Stock,$26.38,0.515,1.991%,25486562.00,United States,,7732,Technology,Industrial Machinery/Components
CVU,CPI Aerostructures Inc. Common Stock,$5.07,0.12,2.424%,60592944.00,United States,,96855,Capital Goods,Military/Government/Technical
DHY,Credit Suisse High Yield Bond Fund Common Stock,$2.36,-0.02,-0.84%,244277469.00,United States,1998,3865623,,
DIT,AMCON Distributing Company Common Stock,$108.99,2.99,2.821%,60093707.00,United States,,2802,Consumer Non-Durables,Food Distributors
DLA,Delta Apparel Inc. Common Stock,$26.91,0.40,1.509%,187688101.00,United States,,14507,Consumer Non-Durables,Apparel
DMF,BNY Mellon Municipal Income Inc. Common Stock,$8.78,-0.01,-0.114%,182192006.00,United States,1988,40623,,
DNN,Denison Mines Corp Ordinary Shares (Canada),$1.20,-0.07,-5.512%,814499782.00,Canada,,61664648,Basic Industries,Precious Metals
DPW,Ault Global Holdings Inc. Common Stock,$6.75,0.03,0.446%,187336544.00,United States,,29133064,Capital Goods,Industrial Machinery/Components
DSS,Document Security Systems Inc. Common Stock,$4.22,0.14,3.431%,116767928.00,United States,,5416204,Consumer Durables,Containers/Packaging
DXF,Dunxin Financial Holdings Limited American Depositary Shares,$1.78,0.09,5.325%,37157267.00,China,,431085,Finance,Finance: Consumer Services
DXR,Daxor Corporation Common Stock,$13.04,-0.1858,-1.405%,52338778.00,United States,,5758,Health Care,Medical/Dental Instruments
EAD,Wells Fargo Income Opportunities Fund Common Shares,$8.25,-0.04,-0.483%,499836266.00,United States,2003,135515,,
ECF,Ellsworth Growth and Income Fund Ltd.,$15.58,-0.48,-2.989%,205734788.00,United States,1986,151441,,
ECF^A,Ellsworth Growth and Income Fund Ltd. 5.25% Series A Cumulative Preferred Shares (Liquidation Preference $25.00 per share),$26.21,-0.09,-0.342%,,United States,,1240,,
EIM,Eaton Vance Municipal Bond Fund Common Shares of Beneficial Interest $.01 par value,$13.37,-0.07,-0.521%,962014070.00,United States,2002,150369,,
ELA,Envela Corporation Common Stock,$6.32,-0.12,-1.863%,170162088.00,United States,,28508,Consumer Services,Consumer Specialties
ELLO,Ellomay Capital Ltd Ordinary Shares (Israel),$33.71,0.00,0.00%,426502089.00,Israel,,24,Public Utilities,Electric Utilities: Central
ELMD,Electromed Inc. Common Stock,$11.10,0.25,2.304%,95849000.00,United States,2011,34473,Health Care,Biotechnology: Electromedical & Electrotherapeutic Apparatus
EMAN,eMagin Corporation Common Stock,$4.30,0.39,9.974%,290248289.00,United States,,2376547,Technology,Semiconductors
EMX,EMX Royalty Corporation Common Shares (Canada),$3.42,0.03,0.885%,288434113.00,Canada,,241392,Basic Industries,Precious Metals
ENSV,Enservco Corporation Common Stock,$2.52,-0.12,-4.545%,25879006.00,United States,,1007480,Energy,Oilfield Services/Equipment
ENX,Eaton Vance New York Municipal Bond Fund Common Shares of Beneficial Interest $.01 par value,$12.14,-0.07,-0.573%,219956089.00,United States,2002,31650,,
EPM,Evolution Petroleum Corporation Inc. Common Stock,$3.35,-0.02,-0.593%,112193343.00,United States,,100595,Energy,Oil & Gas Production
EQX,Equinox Gold Corp. Common Shares,$8.94,-0.15,-1.65%,2162319356.00,Canada,,1699383,Basic Industries,Precious Metals
ERC,Wells Fargo Multi-Sector Income Fund Common Stock no par value,$12.39,-0.03,-0.242%,348556570.00,United States,2003,55054,,
ERH,Wells Fargo Utilities and High Income Fund,$12.67,-0.08,-0.627%,117515074.00,,2004,22592,,
ESP,Espey Mfg. & Electronics Corp. Common Stock,$19.50,0.3958,2.072%,52701344.00,United States,,4621,Capital Goods,Industrial Machinery/Components
EVBN,Evans Bancorp Inc. Common Stock,$29.48,0.95,3.33%,158724418.00,United States,,24783,Finance,Major Banks
EVI,EVI Industries Inc.  Common Stock,$37.45,-0.42,-1.109%,458814518.00,United States,,29857,Consumer Services,Other Consumer Services
EVM,Eaton Vance California Municipal Bond Fund Common Shares of Beneficial Interest $.01 par value,$11.42,-0.07,-0.609%,285435351.00,United States,2002,78893,,
EVV,Eaton Vance Limited Duration Income Fund Common Shares of Beneficial Interest,$12.65,0.05,0.397%,1469259778.00,United States,2003,412213,,
EVY,Eaton Vance New York Municipal Income Trust Shares of Beneficial Interest,$13.74,-0.02,-0.145%,74221117.00,United States,1999,13200,,
EXN,Excellon Resources Inc. Common Shares,$3.1543,0.0743,2.412%,101155247.00,,2020,63585,Basic Industries,Precious Metals
FAX,Aberdeen Asia-Pacific Income Fund Inc Common Stock,$4.52,-0.03,-0.659%,1119584876.00,United States,1986,707846,,
FCO,Aberdeen Global Income Fund Inc. Common Stock,$8.27,-0.02,-0.241%,72204923.00,United States,1992,43092,,
FEN,First Trust Energy Income and Growth Fund,$12.16,0.02,0.165%,240412502.00,United States,2004,125223,,
FRD,Friedman Industries Inc. Common Stock,$7.38,0.13,1.793%,51984233.00,United States,,6801,Capital Goods,Steel/Iron Ore
FSI,Flexible Solutions International Inc. Common Stock (CDA),$3.87,0.01,0.259%,47370909.00,Canada,,200494,Basic Industries,Major Chemicals
FSP,Franklin Street Properties Corp. Common Stock,$4.20,0.10,2.439%,450778436.00,United States,,1131078,Consumer Services,Real Estate Investment Trusts
FTF,Franklin Limited Duration Income Trust Common Shares of Beneficial Interest,$9.44,-0.02,-0.211%,284510602.00,United States,2003,109497,,
FTSI,FTS International Inc. Class A Common Stock,$17.23,-0.37,-2.102%,241218725.00,United States,2020,71802,Energy,Oilfield Services/Equipment
FURY,Fury Gold Mines Limited Common Shares,$1.48,0.02,1.37%,174379308.00,,2020,432000,Basic Industries,Precious Metals
GAU,Galiano Gold Inc.,$1.21,0.04,3.419%,271316512.00,Canada,,905787,Basic Industries,Mining & Quarrying of Nonmetallic Minerals (No Fuels)
GBR,New Concept Energy Inc Common Stock,$6.44,0.27,4.376%,33049661.00,United States,,977684,Energy,Oil & Gas Production
GDP,Goodrich Petroleum Corporation Common Stock,$10.71,0.05,0.469%,135543457.00,United States,2017,50405,Energy,Oil & Gas Production
GGN,GAMCO Global Gold Natural Resources & Income Trust,$3.46,0.00,0.00%,570593724.00,United States,2005,645087,,
GGN^B,GAMCO Global Gold Natural Reources & Income Trust 5.00% Series B Cumulative 25.00 Liquidation Preference,$25.37,0.02,0.079%,,United States,,3172,,
GGO,The Gabelli Go Anywhere Trust Common Shares of Beneficial Interest,$14.095,0.00,0.00%,21843402.00,,2016,62,,
GGO^A,The Gabelli Go Anywhere Trust Series A Cumulative Puttable and Callable Preferred Shares,$41.00,-0.0043,-0.01%,,,,903,,
GLDG,GoldMining Inc. Common Shares,$1.65,-0.02,-1.198%,243588170.00,,,545860,Basic Industries,Precious Metals
GLO,Clough Global Opportunities Fund Common Stock,$12.65,-0.05,-0.394%,407638812.00,United States,2006,128411,,
GLQ,Clough Global Equity Fund Clough Global Equity Fund Common Shares of Beneficial Interest,$15.97,-0.07,-0.436%,211296339.00,United States,2005,47379,,
GLU,Gabelli Global Utility Common Shares of Beneficial Ownership,$19.2634,0.0534,0.278%,103513382.00,United States,2004,5558,,
GLU^A,The Gabelli Global Utility and Income Trust Series A Cumulative Puttable and Callable Preferred Shares,$46.52,0.00,0.00%,,United States,,920,,
GLU^B,The Gabelli Global Utility and Income Trust Series B Cumulative Puttable and Callable Preferred Shares,$52.25,0.18,0.346%,,United States,,240,,
GLV,Clough Global Dividend and Income Fund Common Shares of beneficial interest,$11.308,0.108,0.964%,95074543.00,United States,2004,51010,,
GOED,1847 Goedeker Inc. Commom Stock,$13.43,-0.27,-1.971%,82073416.00,United States,2020,104902,Consumer Services,Home Furnishings
GORO,Gold Resource Corporation Common Stock,$2.77,0.00,0.00%,199067978.00,United States,,792894,Basic Industries,Precious Metals
GPL,Great Panther Mining Limited Ordinary Shares (Canada),$0.974,-0.0221,-2.219%,345504895.00,Canada,,5841811,Basic Industries,Precious Metals
GRF,Eagle Capital Growth Fund Inc. Common Stock,$7.95,0.05,0.633%,32390852.00,United States,,1449,,
GSAT,Globalstar Inc. Common Stock,$2.15,-0.08,-3.587%,3591371341.00,United States,2006,46739717,Consumer Services,Telecommunications Equipment
GSS,Golden Star Resources Ltd Common Stock,$3.16,-0.06,-1.863%,351584258.00,United States,,755722,Basic Industries,Precious Metals
GSV,Gold Standard Ventures Corporation Common Stock (Canada),$0.7507,0.0107,1.446%,238918687.00,Canada,,9838926,Basic Industries,Mining & Quarrying of Nonmetallic Minerals (No Fuels)
GTE,Gran Tierra Energy Inc. Common Stock,$0.95,0.02,2.151%,348632478.00,Canada,,20981099,Energy,Oil & Gas Production
HLM^,Hillman Group Capital Trust Preferred Stock,$25.55,0.05,0.196%,,United States,,11140,,
HMG,HMG/Courtland Properties Inc. Common Stock,$12.00,0.00,0.00%,12086976.00,United States,,208,Consumer Services,Real Estate Investment Trusts
HNW,Pioneer Diversified High Income Trust Pioneer Diversified High Income Trust Common Shares of Beneficial Interest,$14.78,-0.01,-0.068%,123158636.00,United States,2007,53025,,
HUSA,Houston American Energy Corporation Common Stock,$2.57,-0.02,-0.772%,23351632.00,United States,,939853,Energy,Oil & Gas Production
HWM^,Howmet Aerospace Inc. $3.75 Preferred Stock,$78.60,0.00,0.00%,,United States,,57,,
IAF,Aberdeen Australia Equity Fund Inc Common Stock,$5.47,0.01,0.183%,126501960.00,United States,,121716,,
IBIO,iBio Inc. Common Stock,$1.99,-0.06,-2.927%,429859763.00,United States,,21160950,Health Care,Major Pharmaceuticals
ID,PARTS iD Inc. Class A Common Stock,$9.00,0.10,1.124%,295861122.00,United States,2017,15543,Technology,Advertising
IGC,India Globalization Capital Inc. Common Stock,$2.08,0.11,5.584%,94361952.00,United States,,2440110,Technology,Electronic Components
IHT,InnSuites Hospitality Trust Shares of Beneficial Interest,$3.48,0.19,5.775%,32274303.00,United States,,156180,Consumer Services,Real Estate Investment Trusts
IMH,Impac Mortgage Holdings Inc. Common Stock ,$3.31,0.11,3.438%,70270827.00,United States,1997,95483,Consumer Services,Real Estate Investment Trusts
IMO,Imperial Oil Limited Common Stock,$21.12,0.52,2.524%,15503701066.00,Canada,,518481,Energy,Integrated oil Companies
INDO,Indonesia Energy Corporation Limited Ordinary Shares,$7.61,-0.23,-2.934%,56374538.00,,2019,60452,Energy,Oil & Gas Production
INFU,InfuSystems Holdings Inc. Common Stock,$19.31,0.41,2.169%,390775157.00,United States,,70120,Health Care,Medical/Dental Instruments
INS,Intelligent Systems Corporation Common Stock,$43.56,1.47,3.493%,387065317.00,United States,1992,90006,Technology,Computer Software: Prepackaged Software
INTT,inTest Corporation Common Stock,$8.75,0.24,2.82%,92129826.00,United States,1997,32513,Capital Goods,Electrical Products
INUV,Inuvo Inc.,$1.41,0.09,6.818%,167103898.00,United States,,4807657,Consumer Services,Advertising
IOR,Income Opportunity Realty Investors Inc. Common Stock,$11.30,-0.70,-5.833%,47100818.00,United States,,848,Consumer Services,Real Estate Investment Trusts
ISDR,Issuer Direct Corporation Common Stock,$23.87,1.0584,4.64%,89315620.00,United States,,40568,Miscellaneous,Publishing
ISR,IsoRay Inc. Common Stock (DE),$1.57,0.00,0.00%,221683769.00,United States,,5605872,Health Care,Medical/Dental Instruments
ITP,IT Tech Packaging Inc. Common Stock,$1.23,0.07,6.034%,67302690.00,China,,10871498,Consumer Durables,Containers/Packaging
ITRG,Integra Resources Corp. Common Shares,$3.37,0.00,0.00%,184029556.00,,,74617,Basic Industries,Precious Metals
JOB,GEE Group Inc. Common Stock,$1.72,0.14,8.861%,30387452.00,United States,,270051,Technology,Diversified Commercial Services
KIQ,Kelso Technologies Inc Ordinary Shares,$1.15,0.07,6.481%,54245599.00,Canada,,2098748,Capital Goods,Railroads
KLR,Kaleyra Inc. Common Stock,$16.93,0.25,1.499%,496482086.00,United States,2018,3124310,Technology,EDP Services
LCTX,Lineage Cell Therapeutics Inc. Common Stock,$2.79,-0.06,-2.105%,418447958.00,United States,,1627406,Health Care,Biotechnology: Biological Products (No Diagnostic Substances)
LEU,Centrus Energy Corp. Class A Common Stock,$24.61,0.44,1.82%,301993371.00,United States,2014,86300,Basic Industries,Mining & Quarrying of Nonmetallic Minerals (No Fuels)
LGL,LGL Group Inc. (The) Common Stock,$11.11,0.0999,0.907%,58431334.00,United States,,5730,Capital Goods,Industrial Machinery/Components
LNG,Cheniere Energy Inc. Common Stock,$69.10,1.79,2.659%,17432134437.00,United States,,963831,Public Utilities,Oil/Gas Transmission
LODE,Comstock Mining Inc. Common Stock,$5.67,1.12,24.615%,198340943.00,United States,,17726677,Basic Industries,Precious Metals
LOV,Spark Networks Inc. American Depositary Shares (each representing one-tenth of an Ordinary Share),$6.82,0.09,1.337%,177707922.00,United States,2017,68503,Consumer Services,Other Consumer Services
LSF,Laird Superfood Inc. Common Stock,$48.19,0.90,1.903%,427680949.00,,2020,46995,Consumer Non-Durables,Packaged Foods
LXFR,Luxfer Holdings PLC Ordinary Shares,$18.66,0.47,2.584%,515428367.00,United Kingdom,2012,80585,Basic Industries,Major Chemicals
MAG,MAG Silver Corporation Ordinary Shares,$20.11,0.85,4.413%,1905287401.00,Canada,,666577,Basic Industries,Precious Metals
MCF,Contango Oil & Gas Company Common Stock (TX),$4.95,-0.06,-1.198%,859753739.00,United States,,963503,Energy,Oil & Gas Production
MHH,Mastech Digital Inc Common Stock,$15.88,0.11,0.698%,180710414.00,United States,,23930,Consumer Services,Professional Services
MLSS,Milestone Scientific Inc. Common Stock,$4.11,0.06,1.481%,261780158.00,United States,2015,1458528,Health Care,Industrial Specialties
MMX,Maverix Metals Inc. Common Shares,$5.08,0.21,4.312%,713680610.00,,,294701,Basic Industries,Precious Metals
MSN,Emerson Radio Corporation Common Stock,$1.83,0.02,1.105%,38508053.00,United States,,935302,Consumer Non-Durables,Consumer Electronics/Appliances
MTA,Metalla Royalty & Streaming Ltd. Common Shares,$9.47,-0.17,-1.763%,375164619.00,,,356663,Basic Industries,Precious Metals
MTNB,Matinas Biopharma Holdings Inc. Common Stock,$1.41,0.00,0.00%,281494879.00,United States,2017,2120103,Health Care,Major Pharmaceuticals
MXC,Mexco Energy Corporation Common Stock,$9.43,0.13,1.398%,19535810.00,United States,,26309,Energy,Oil & Gas Production
MYO,Myomo Inc. Common Stock,$15.45,-0.44,-2.769%,70788625.00,United States,2017,289360,Health Care,Industrial Specialties
NAK,Northern Dynasty Minerals Ltd. Common Stock,$0.8114,0.0301,3.853%,413040436.00,Canada,,49771960,Basic Industries,Precious Metals
NAVB,Navidea Biopharmaceuticals Inc. Common Stock,$2.70,0.17,6.719%,75558606.00,United States,,700225,Health Care,Biotechnology: In Vitro & In Vivo Diagnostic Substances
NBA,New Beginnings Acquisition Corp. Common Stock,$10.45,0.08,0.771%,155914000.00,,2020,33043,Finance,Business Services
NBH,Neuberger Berman Municipal Fund Inc. Common Stock,$15.70,-0.10,-0.633%,295444107.00,United States,2002,44786,,
NBO,Neuberger Berman New York Municipal Fund Inc. Common Stock,$12.35,-0.06,-0.483%,62706100.00,United States,2002,3930,,
NBW,Neuberger Berman California Municipal Fund Inc Common Stock,$13.41,-0.065,-0.482%,74439500.00,United States,2002,19550,,
NBY,NovaBay Pharmaceuticals Inc. Common Stock,$1.27,-0.16,-11.189%,53063882.00,United States,2007,12910853,Health Care,Major Pharmaceuticals
NEN,New England Realty Associates Limited Partnership Class A Depositary Receipts Evidencing Units of Limited Partnership,$51.84,0.7643,1.496%,189355761.00,United States,,263,Consumer Services,Building operators
NES,Nuverra Environmental Solutions Inc. Common Stock,$3.06,-0.03,-0.971%,48263605.00,United States,2017,14067,Energy,Oilfield Services/Equipment
NG,Novagold Resources Inc.,$9.01,0.01,0.111%,2985198786.00,Canada,,1372097,Basic Industries,Precious Metals
NGD,New Gold Inc.,$1.51,-0.03,-1.948%,1021364000.00,Canada,,8169312,Basic Industries,Precious Metals
NHC,National HealthCare Corporation Common Stock,$65.19,0.40,0.617%,1001285023.00,United States,,30621,Health Care,Hospital/Nursing Management
NHS,Neuberger Berman High Yield Strategies Fund,$12.23,-0.03,-0.245%,238981355.00,United States,,45442,,
NML,Neuberger Berman MLP and Energy Income Fund Inc. Common Stock,$3.88,0.04,1.042%,219836641.00,,2013,89609,,
NNVC,NanoViricides Inc. Common Stock,$4.95,-0.03,-0.602%,52851150.00,United States,,200928,Health Care,Major Pharmaceuticals
NOG,Northern Oil and Gas Inc. Common Stock,$11.28,0.25,2.267%,679991146.00,United States,,1360308,,
NRO,Neuberger Berman Real Estate Securities Income Fund Inc. Neuberger Berman Real Estate Securities Income Fund Inc.,$4.32,0.06,1.408%,204856132.00,United States,2003,130455,,
NSPR,InspireMD Inc. Common Stock,$1.19,0.14,13.333%,132319760.00,Israel,,25784009,Health Care,Medical/Dental Instruments
NTIP,Network-1 Technologies Inc. Common Stock,$3.75,0.15,4.167%,90124035.00,United States,,39460,Miscellaneous,Multi-Sector Companies
NTN,NTN Buzztime Inc. Common Stock,$4.81,-0.51,-9.586%,14268009.00,United States,,900618,Health Care,Major Pharmaceuticals
NXE,Nexgen Energy Ltd. Common Shares,$3.88,0.16,4.301%,1465515068.00,,,2502754,Basic Industries,Precious Metals
OCX,OncoCyte Corporation Common Stock,$6.34,0.15,2.423%,555439855.00,United States,2015,1124666,Health Care,Biotechnology: In Vitro & In Vivo Diagnostic Substances
OGEN,Oragenics Inc. Common Stock,$1.30,0.10,8.333%,142055610.00,United States,,8290448,Health Care,Major Pharmaceuticals
ORLA,Orla Mining Ltd. Common Shares,$3.80,0.03,0.796%,870070800.00,,2020,483317,Basic Industries,Precious Metals
PCG^A,Pacific Gas & Electric Co. 6% Preferred Stock,$28.95,-0.06,-0.207%,,United States,,1321,,
PCG^B,Pacific Gas & Electric Co. 5 1/2% Preferred Stock,$27.25,0.00,0.00%,,United States,,300,,
PCG^C,Pacific Gas & Electric Co. 5% 1st Preferred Stock,$25.25,0.00,0.00%,,United States,,2,,
PCG^D,Pacific Gas & Electric Co. 5% 1st  Red. Preferred Stock,$25.02,-0.2253,-0.892%,,United States,,657,,
PCG^G,Pacific Gas & Electric Co. 4.80% 1st Preferred Stock,$24.23,-0.05,-0.206%,,United States,,4440,,
PED,Pedevco Corp. Common Stock,$1.86,0.02,1.087%,147792382.00,United States,,1342700,Energy,Oil & Gas Production
PHGE,BiomX Inc. COmmon Stock,$7.99,-0.08,-0.991%,185743945.00,,2019,235217,Health Care,Biotechnology: Biological Products (No Diagnostic Substances)
PLAG,Planet Green Holdings Corp. Common Stock,$3.15,-0.15,-4.545%,50172460.00,China,,108295,Consumer Non-Durables,Packaged Foods
PLG,Platinum Group Metals Ltd. Ordinary Shares (Canada),$5.00,0.00,0.00%,361390880.00,Canada,,1473461,Basic Industries,Precious Metals
PLM,Polymet Mining Corporation Ordinary Shares (Canada),$4.64,0.30,6.912%,467246682.00,Canada,,1540064,Basic Industries,Precious Metals
PLX,Protalix BioTherapeutics Inc. (DE) Common Stock,$5.11,0.29,6.017%,187193772.00,Israel,,1434699,Health Care,Biotechnology: Biological Products (No Diagnostic Substances)
PLYM^A,Plymouth Industrial REIT Inc. 7.50% Series A Cumulative Redeemable Preferred Stock,$26.65,0.15,0.566%,,United States,,739,,
PRK,Park National Corporation Common Stock,$120.21,4.15,3.576%,2118480424.00,United States,,44089,Finance,Major Banks
PTK,PTK Acquisition Corp. Common Stock,$10.344,-0.036,-0.347%,148695000.00,United States,2020,29876,Finance,Business Services
PTN,Palatin Technologies Inc. Common Stock,$0.9163,0.0094,1.036%,210658568.00,United States,,5545087,Health Care,Major Pharmaceuticals
PW,Power REIT (MD) Common Stock,$43.50,1.51,3.596%,143529686.00,United States,,25665,Consumer Services,Real Estate Investment Trusts
PW^A,Power REIT 7.75% Series A Cumulative Perpetual Preferred Stock,$26.00,0.04,0.154%,,United States,,358,,
PZG,Paramount Gold Nevada Corp. Common Stock,$1.18,-0.02,-1.667%,42747324.00,United States,2015,340667,Basic Industries,Precious Metals
RCG,RENN Fund Inc Common Stock,$2.32,0.05,2.203%,13808538.00,United States,,21270,,
REI,Ring Energy Inc. Common Stock,$1.96,0.01,0.513%,160070456.00,United States,,2906791,Energy,Oil & Gas Production
RHE,Regional Health Properties Inc. Common Stock,$6.47,-0.17,-2.56%,10922777.00,,2017,186485,Consumer Services,Real Estate
RHE^A,Regional Health Properties Inc. 10.875% Series A Cumulative Redeemable Preferred Stock,$2.7499,0.0544,2.018%,,,,2262,,
RLGT,Radiant Logistics Inc. Common Stock,$7.03,0.09,1.297%,351271799.00,United States,,148054,Transportation,Oil Refining/Marketing
RMED,Ra Medical Systems Inc. Common Stock,$8.62,0.01,0.116%,27787191.00,,2018,241488,Health Care,Medical/Dental Instruments
RVP,Retractable Technologies Inc. Common Stock,$17.42,-0.51,-2.844%,589085242.00,United States,,1255073,Health Care,Medical/Dental Instruments
SACC,Sachem Capital Corp. 6.875% Notes due 2024,$25.175,-0.075,-0.297%,0.00,United States,2019,1177,Consumer Services,Real Estate Investment Trusts
SACH,Sachem Capital Corp. Common Shares,$4.52,0.00,0.00%,100004101.00,United States,2017,93438,Consumer Services,Real Estate Investment Trusts
SCCB,Sachem Capital Corp. 7.125% Notes due 2024,$25.895,-0.055,-0.212%,0.00,United States,2019,900,Consumer Services,Real Estate Investment Trusts
SCCC,Sachem Capital Corp. 7.75% Notes due 2025,$25.54,-0.036,-0.141%,0.00,United States,2020,5762,Consumer Services,Real Estate Investment Trusts
SDPI,Superior Drilling Products Inc. Common Stock,$1.15,0.01,0.877%,29460109.00,,2014,721991,Energy,Metal Fabrications
SEB,Seaboard Corporation Common Stock,$3110.06,-61.16,-1.929%,3610092337.00,United States,1996,2137,Consumer Services,Farming/Seeds/Milling
SENS,Senseonics Holdings Inc. Common Stock,$4.63,0.12,2.661%,1723697061.00,United States,,46596027,Capital Goods,Industrial Machinery/Components
SIF,SIFCO Industries Inc. Common Stock,$9.60,0.78,8.844%,57208598.00,United States,,17174,Capital Goods,Aerospace
SILV,SilverCrest Metals Inc. Common Shares,$8.81,-0.01,-0.113%,1139577588.00,,2018,1293285,Basic Industries,Precious Metals
SIM,Grupo Simec S.A.B. de C.V. American Depositary Shares,$13.4898,-0.2402,-1.749%,2237999247.00,Mexico,1993,725,Basic Industries,Steel/Iron Ore
SMTS,Sierra Metals Inc. Common Stock,$2.82,0.07,2.545%,459096000.00,,,1254432,Basic Industries,Precious Metals
SNMP,Sanchez Midstream Partners LP Common Stock,$1.317,-0.103,-7.254%,55615262.00,United States,,610594,Energy,Oil & Gas Production
SSY,SunLink Health Systems Inc. Common Stock,$2.38,0.16,7.207%,16420384.00,United States,,800790,Health Care,Hospital/Nursing Management
STXS,Stereotaxis Inc. Common Stock,$5.61,0.09,1.63%,413376379.00,United States,,233157,Health Care,Biotechnology: Electromedical & Electrotherapeutic Apparatus
SVM,Silvercorp Metals Inc. Common Shares,$6.11,0.14,2.345%,1071438675.00,,,1360552,Basic Industries,Precious Metals
SVT,Servotronics Inc. Common Stock,$9.30,-0.0499,-0.534%,23142371.00,United States,,2793,Capital Goods,Industrial Machinery/Components
SYN,Synthetic Biologics Inc. Common Stock,$0.8628,-0.0192,-2.177%,57733250.00,United States,,18195881,Health Care,Major Pharmaceuticals
TGB,Taseko Mines Ltd. Common Stock,$1.80,0.08,4.651%,502567895.00,Canada,,3999753,Basic Industries,Precious Metals
TGC,Tengasco Inc. Common Stock,$4.13,0.51,14.088%,44129223.00,United States,,2653944,Energy,Oil & Gas Production
THM,International Tower Hill Mines Ltd. Ordinary Shares (Canada),$1.17,-0.07,-5.645%,228042575.00,Canada,,746181,Basic Industries,Precious Metals
TKAT,Takung Art Co. Ltd. Common Stock,$3.50,-0.60,-14.634%,39449827.00,,,239305,Consumer Services,Other Specialty Stores
TMBR,Timber Pharmaceuticals Inc. Common Stock,$2.14,-0.26,-10.833%,25356926.00,United States,2015,4382002,Health Care,Major Pharmaceuticals
TMP,Tompkins Financial Corporation Common Stock,$76.32,0.84,1.113%,1132553693.00,United States,,23036,Finance,Major Banks
TMQ,Trilogy Metals Inc. Common Stock,$2.50,0.03,1.215%,360464323.00,Canada,,2316553,Basic Industries,Precious Metals
TPHS,Trinity Place Holdings Inc. Common Stock,$2.40,0.01,0.418%,77213057.00,,,17708,Consumer Services,Building operators
TRT,Trio-Tech International Common Stock,$5.27,-0.13,-2.407%,19554625.00,United States,,101217,Technology,Industrial Machinery/Components
TRX,Tanzanian Gold Corporation Common Stock,$0.802,0.017,2.166%,200984596.00,Canada,,6770482,Basic Industries,Precious Metals
TRXC,TransEnterix Inc. Common Stock,$5.14,0.72,16.29%,1155092575.00,United States,,19245535,Health Care,Medical/Dental Instruments
UAMY,United States Antimony Corporation Common Stock,$2.02,0.34,20.238%,185456402.00,United States,,50739983,Capital Goods,Metal Fabrications
UAVS,AgEagle Aerial Systems Inc. Common Stock,$10.32,1.36,15.179%,606832233.00,United States,,29825654,Capital Goods,Aerospace
UEC,Uranium Energy Corp. Common Stock,$2.50,0.34,15.741%,497647268.00,Canada,,7009100,Basic Industries,Precious Metals
UFAB,Unique Fabricating Inc. Common Stock,$7.1816,-0.0684,-0.943%,70229922.00,United States,2015,13784,Capital Goods,Auto Parts:O.E.M.
URG,Ur Energy Inc Common Shares (Canada),$1.31,0.09,7.377%,244443645.00,Canada,,4129140,Basic Industries,Precious Metals
USAS,Americas Gold and Silver Corporation Common Shares no par value,$2.61,0.04,1.556%,334989729.00,,2017,797210,Basic Industries,Precious Metals
UTG,Reaves Utility Income Fund Common Shares of Beneficial Interest,$32.39,-0.21,-0.644%,1746998571.00,United States,2004,231628,,
UUU,Universal Security Instruments Inc. Common Stock,$9.24,-0.05,-0.538%,21371076.00,United States,,593195,Technology,Electronic Components
UUUU,Energy Fuels Inc Ordinary Shares (Canada),$5.77,0.60,11.605%,774856081.00,,,4585536,Basic Industries,Mining & Quarrying of Nonmetallic Minerals (No Fuels)
VCF,Delaware Investments Colorado Municipal Income Fund Inc  Common Stock,$14.25,-0.04,-0.28%,68928675.00,United States,1993,9705,,
VFL,Delaware Investments National Municipal Income Fund Common Stock,$13.31,-0.03,-0.225%,60273576.00,United States,1993,300,,
VGZ,Vista Gold Corp Common Stock,$1.02,0.02,2.00%,104738398.00,United States,,677135,Basic Industries,Precious Metals
VHAQ,Viveon Health Acquisition Corp. Common Stock,$10.145,-0.055,-0.539%,255210156.00,,2021,109339,Finance,Business Services
VKI,Invesco Advantage Municipal Income Trust II Common Shares of Beneficial Interest (DE),$11.51,0.00,0.00%,510946752.00,United States,,130420,,
VMM,Delaware Investments Minnesota Municipal Income Fund II Inc. Common Stock,$13.21,-0.02,-0.151%,151980720.00,United States,1993,5268,,
VNRX,VolitionRX Limited Common Stock,$4.85,0.08,1.677%,255716978.00,Singapore,2015,409475,Health Care,Biotechnology: In Vitro & In Vivo Diagnostic Substances
VOLT,Volt Information Sciences Inc. Common Stock,$3.28,0.23,7.541%,71295966.00,United States,,91241,Technology,Professional Services
WRN,Western Copper and Gold Corporation Common Stock,$1.69,0.26,18.182%,229160003.00,Canada,2011,3381812,Basic Industries,Precious Metals
WTT,Wireless Telecom Group  Inc. Common Stock,$2.43,0.05,2.101%,52718874.00,United States,,85559,Capital Goods,Telecommunications Equipment
WYY,WidePoint Corporation Common Stock,$13.18,-0.01,-0.076%,111486114.00,United States,,247817,Technology,EDP Services
XPL,Solitario Zinc Corp. Common Stock,$1.07,0.00,0.00%,62175952.00,United States,,10943683,Basic Industries,Precious Metals
XTNT,Xtant Medical Holdings Inc. Common Stock,$2.12,0.04,1.923%,162945392.00,United States,,297060,Health Care,Biotechnology: Biological Products (No Diagnostic Substances)
XXII,22nd Century Group Inc. Common Stock,$4.14,0.14,3.50%,574877059.00,United States,,2669609,Consumer Non-Durables,Farming/Seeds/Milling
YCBD,cbdMD Inc. Common Stock,$4.45,0.14,3.248%,232677653.00,United States,2017,1153442,Consumer Non-Durables,Package Goods/Cosmetics
YCBD^A,cbdMD Inc. 8.0% Series A Cumulative Convertible Preferred Stock,$9.05,0.03,0.333%,,United States,,7633,,
ZDGE,Zedge Inc. Class B Common Stock ,$13.65,1.15,9.20%,170949693.00,,2016,320057,Technology,Computer Software: Prepackaged Software
ZOM,Zomedica Corp. Common Shares,$2.28,0.07,3.167%,2158893712.00,United States,2017,51392643,Health Care,Major Pharmaceuticals
